timestamp,channel_id,value
2026-01-02,Channel_A,100.2653
2026-01-02,Channel_B,99.5232
2026-01-02,Channel_C,101.2748
2026-01-02,Channel_D,99.8819
2026-01-02,Channel_E,99.0442
2026-01-05,Channel_A,100.8519
2026-01-05,Channel_B,98.381
2026-01-05,Channel_C,103.0552
2026-01-05,Channel_D,99.5778
2026-01-05,Channel_E,100.235
2026-01-06,Channel_A,102.3893
2026-01-06,Channel_B,100.3186
2026-01-06,Channel_C,105.4582
2026-01-06,Channel_D,99.1345
2026-01-06,Channel_E,101.7399
2026-01-07,Channel_A,103.913
2026-01-07,Channel_B,100.7076
2026-01-07,Channel_C,104.7866
2026-01-07,Channel_D,98.2228
2026-01-07,Channel_E,100.7957
2026-01-08,Channel_A,104.3146
2026-01-08,Channel_B,100.444
2026-01-08,Channel_C,105.4884
2026-01-08,Channel_D,96.1967
2026-01-08,Channel_E,99.8779
2026-01-09,Channel_A,104.6586
2026-01-09,Channel_B,100.0299
2026-01-09,Channel_C,106.5033
2026-01-09,Channel_D,96.6404
2026-01-09,Channel_E,101.2105
2026-01-12,Channel_A,104.1192
2026-01-12,Channel_B,100.1927
2026-01-12,Channel_C,108.0371
2026-01-12,Channel_D,96.4461
2026-01-12,Channel_E,99.4115
2026-01-13,Channel_A,105.0429
2026-01-13,Channel_B,98.9995
2026-01-13,Channel_C,108.7861
2026-01-13,Channel_D,95.3908
2026-01-13,Channel_E,98.2593
2026-01-14,Channel_A,103.2582
2026-01-14,Channel_B,99.8859
2026-01-14,Channel_C,108.8092
2026-01-14,Channel_D,94.4964
2026-01-14,Channel_E,98.4958
2026-01-15,Channel_A,104.2884
2026-01-15,Channel_B,100.9225
2026-01-15,Channel_C,108.4496
2026-01-15,Channel_D,93.2085
2026-01-15,Channel_E,99.0309
2026-01-16,Channel_A,104.2111
2026-01-16,Channel_B,100.7739
2026-01-16,Channel_C,108.742
2026-01-16,Channel_D,92.5328
2026-01-16,Channel_E,98.8327
2026-01-19,Channel_A,103.358
2026-01-19,Channel_B,100.1141
2026-01-19,Channel_C,108.118
2026-01-19,Channel_D,90.7053
2026-01-19,Channel_E,97.5105
2026-01-20,Channel_A,102.7947
2026-01-20,Channel_B,101.8779
2026-01-20,Channel_C,107.9043
2026-01-20,Channel_D,91.3144
2026-01-20,Channel_E,96.3449
2026-01-21,Channel_A,102.5624
2026-01-21,Channel_B,103.124
2026-01-21,Channel_C,107.6531
2026-01-21,Channel_D,92.0868
2026-01-21,Channel_E,95.4356
2026-01-22,Channel_A,102.3924
2026-01-22,Channel_B,102.419
2026-01-22,Channel_C,107.7725
2026-01-22,Channel_D,92.7659
2026-01-22,Channel_E,95.4248
2026-01-23,Channel_A,102.2282
2026-01-23,Channel_B,100.5289
2026-01-23,Channel_C,107.6499
2026-01-23,Channel_D,93.0997
2026-01-23,Channel_E,94.6403
2026-01-26,Channel_A,102.5423
2026-01-26,Channel_B,98.7124
2026-01-26,Channel_C,107.7072
2026-01-26,Channel_D,92.2946
2026-01-26,Channel_E,95.1343
2026-01-27,Channel_A,102.0335
2026-01-27,Channel_B,99.6089
2026-01-27,Channel_C,108.1875
2026-01-27,Channel_D,92.0058
2026-01-27,Channel_E,95.7228
2026-01-28,Channel_A,100.2299
2026-01-28,Channel_B,98.8898
2026-01-28,Channel_C,108.6644
2026-01-28,Channel_D,90.855
2026-01-28,Channel_E,94.4462
2026-01-29,Channel_A,99.3174
2026-01-29,Channel_B,98.6468
2026-01-29,Channel_C,110.7848
2026-01-29,Channel_D,91.5786
2026-01-29,Channel_E,93.04
2026-01-30,Channel_A,98.3557
2026-01-30,Channel_B,99.1289
2026-01-30,Channel_C,111.1535
2026-01-30,Channel_D,91.4066
2026-01-30,Channel_E,92.8899
2026-02-02,Channel_A,98.6889
2026-02-02,Channel_B,100.0638
2026-02-02,Channel_C,111.0365
2026-02-02,Channel_D,92.8187
2026-02-02,Channel_E,94.1856
2026-02-03,Channel_A,98.0258
2026-02-03,Channel_B,100.9507
2026-02-03,Channel_C,110.527
2026-02-03,Channel_D,92.4443
2026-02-03,Channel_E,94.8893
2026-02-04,Channel_A,98.5873
2026-02-04,Channel_B,98.3501
2026-02-04,Channel_C,110.4407
2026-02-04,Channel_D,93.0692
2026-02-04,Channel_E,92.8473
2026-02-05,Channel_A,99.7024
2026-02-05,Channel_B,98.7674
2026-02-05,Channel_C,111.6559
2026-02-05,Channel_D,91.9821
2026-02-05,Channel_E,93.3963
2026-02-06,Channel_A,100.0941
2026-02-06,Channel_B,98.3277
2026-02-06,Channel_C,110.0649
2026-02-06,Channel_D,92.2167
2026-02-06,Channel_E,94.5919
2026-02-09,Channel_A,99.8635
2026-02-09,Channel_B,98.761
2026-02-09,Channel_C,107.7751
2026-02-09,Channel_D,92.732
2026-02-09,Channel_E,94.0877
2026-02-10,Channel_A,99.646
2026-02-10,Channel_B,97.6912
2026-02-10,Channel_C,109.7336
2026-02-10,Channel_D,92.0501
2026-02-10,Channel_E,93.8371
2026-02-11,Channel_A,100.1603
2026-02-11,Channel_B,97.5874
2026-02-11,Channel_C,109.2448
2026-02-11,Channel_D,92.6315
2026-02-11,Channel_E,92.4765
2026-02-12,Channel_A,100.5239
2026-02-12,Channel_B,99.749
2026-02-12,Channel_C,109.6843
2026-02-12,Channel_D,91.8775
2026-02-12,Channel_E,92.1283
2026-02-13,Channel_A,98.8086
2026-02-13,Channel_B,99.7562
2026-02-13,Channel_C,111.7598
2026-02-13,Channel_D,90.8172
2026-02-13,Channel_E,92.1766
2026-02-16,Channel_A,98.4567
2026-02-16,Channel_B,103.0458
2026-02-16,Channel_C,113.7196
2026-02-16,Channel_D,91.5252
2026-02-16,Channel_E,93.3512
2026-02-17,Channel_A,98.4187
2026-02-17,Channel_B,101.8333
2026-02-17,Channel_C,114.8257
2026-02-17,Channel_D,91.8179
2026-02-17,Channel_E,92.4226
2026-02-18,Channel_A,97.8718
2026-02-18,Channel_B,101.935
2026-02-18,Channel_C,113.1189
2026-02-18,Channel_D,92.1837
2026-02-18,Channel_E,92.1208
2026-02-19,Channel_A,97.7131
2026-02-19,Channel_B,100.488
2026-02-19,Channel_C,113.6774
2026-02-19,Channel_D,91.2512
2026-02-19,Channel_E,91.6323
2026-02-20,Channel_A,97.9275
2026-02-20,Channel_B,99.8909
2026-02-20,Channel_C,113.5713
2026-02-20,Channel_D,90.4699
2026-02-20,Channel_E,91.4705
2026-02-23,Channel_A,97.8843
2026-02-23,Channel_B,100.1262
2026-02-23,Channel_C,113.12
2026-02-23,Channel_D,89.4377
2026-02-23,Channel_E,90.3522
2026-02-24,Channel_A,97.1846
2026-02-24,Channel_B,100.8689
2026-02-24,Channel_C,116.0523
2026-02-24,Channel_D,89.0415
2026-02-24,Channel_E,91.4341
2026-02-25,Channel_A,98.2335
2026-02-25,Channel_B,98.9323
2026-02-25,Channel_C,116.2384
2026-02-25,Channel_D,90.3664
2026-02-25,Channel_E,90.1256
2026-02-26,Channel_A,98.725
2026-02-26,Channel_B,97.9629
2026-02-26,Channel_C,117.7759
2026-02-26,Channel_D,90.7453
2026-02-26,Channel_E,90.9343
2026-02-27,Channel_A,100.2295
2026-02-27,Channel_B,98.7101
2026-02-27,Channel_C,117.5696
2026-02-27,Channel_D,90.7775
2026-02-27,Channel_E,92.1873
2026-03-02,Channel_A,100.881
2026-03-02,Channel_B,96.7
2026-03-02,Channel_C,117.7421
2026-03-02,Channel_D,90.4226
2026-03-02,Channel_E,89.7356
2026-03-03,Channel_A,101.7746
2026-03-03,Channel_B,96.569
2026-03-03,Channel_C,117.514
2026-03-03,Channel_D,91.1061
2026-03-03,Channel_E,87.5614
2026-03-04,Channel_A,99.4657
2026-03-04,Channel_B,97.0489
2026-03-04,Channel_C,117.4423
2026-03-04,Channel_D,91.9657
2026-03-04,Channel_E,87.5124
2026-03-05,Channel_A,97.8609
2026-03-05,Channel_B,90.8135
2026-03-05,Channel_C,109.2273
2026-03-05,Channel_D,89.4767
2026-03-05,Channel_E,80.9958
2026-03-06,Channel_A,98.0203
2026-03-06,Channel_B,93.2879
2026-03-06,Channel_C,113.0541
2026-03-06,Channel_D,88.3301
2026-03-06,Channel_E,83.7062
2026-03-09,Channel_A,97.2473
2026-03-09,Channel_B,90.3884
2026-03-09,Channel_C,113.7275
2026-03-09,Channel_D,85.7631
2026-03-09,Channel_E,83.6891
2026-03-10,Channel_A,104.3425
2026-03-10,Channel_B,87.24
2026-03-10,Channel_C,115.9727
2026-03-10,Channel_D,83.8399
2026-03-10,Channel_E,85.5586
2026-03-11,Channel_A,104.5655
2026-03-11,Channel_B,85.9875
2026-03-11,Channel_C,117.8471
2026-03-11,Channel_D,84.0096
2026-03-11,Channel_E,84.663
2026-03-12,Channel_A,102.4575
2026-03-12,Channel_B,85.4489
2026-03-12,Channel_C,113.6996
2026-03-12,Channel_D,86.1295
2026-03-12,Channel_E,85.2387
2026-03-13,Channel_A,101.2026
2026-03-13,Channel_B,87.5062
2026-03-13,Channel_C,115.1434
2026-03-13,Channel_D,79.1914
2026-03-13,Channel_E,84.7512
2026-03-16,Channel_A,102.7122
2026-03-16,Channel_B,85.9242
2026-03-16,Channel_C,112.6111
2026-03-16,Channel_D,79.2658
2026-03-16,Channel_E,84.318
2026-03-17,Channel_A,102.7113
2026-03-17,Channel_B,86.0282
2026-03-17,Channel_C,112.8533
2026-03-17,Channel_D,79.1921
2026-03-17,Channel_E,82.8461
2026-03-18,Channel_A,102.8969
2026-03-18,Channel_B,87.2706
2026-03-18,Channel_C,113.8579
2026-03-18,Channel_D,80.4486
2026-03-18,Channel_E,84.2167
2026-03-19,Channel_A,101.2755
2026-03-19,Channel_B,88.3242
2026-03-19,Channel_C,115.1866
2026-03-19,Channel_D,80.5306
2026-03-19,Channel_E,84.7782
2026-03-20,Channel_A,101.6137
2026-03-20,Channel_B,86.8408
2026-03-20,Channel_C,114.1715
2026-03-20,Channel_D,81.9432
2026-03-20,Channel_E,84.5398
2026-03-23,Channel_A,103.2187
2026-03-23,Channel_B,87.5076
2026-03-23,Channel_C,112.0469
2026-03-23,Channel_D,82.901
2026-03-23,Channel_E,84.0773
2026-03-24,Channel_A,101.9007
2026-03-24,Channel_B,88.0022
2026-03-24,Channel_C,113.9437
2026-03-24,Channel_D,81.9757
2026-03-24,Channel_E,83.6176
2026-03-25,Channel_A,100.8501
2026-03-25,Channel_B,87.4545
2026-03-25,Channel_C,114.4383
2026-03-25,Channel_D,81.3046
2026-03-25,Channel_E,83.6028
2026-03-26,Channel_A,101.1629
2026-03-26,Channel_B,86.6925
2026-03-26,Channel_C,115.8898
2026-03-26,Channel_D,81.2733
2026-03-26,Channel_E,82.095
